order_id,customer_id,seller_id,order_status,order_purchase_date,order_delivered_carrier_date,order_delivered_customer_date
b73f09200030e4970b9840b72a630e45,ba12c461af37457048f420e37de2abab,cca3071e3e9bb7d12640c9fbe2301306,delivered,2017-01-31,2017-02-02,2017-02-14
cdf2839409d0f62e2b2e61b62b72dc16,852947b57caab58c544343592f5e06d2,681fce914360217db47784ae28905a96,delivered,2018-02-14,2018-02-15,2018-02-26
1e2335cf4dd533488459494190011751,5e24c55ef0779a3c578d272ff7c3d4fb,8f2ce03f928b567e3d56181ae20ae952,delivered,2018-02-19,2018-02-22,2018-03-01
ca414766885ef23fbb64dcfffe684699,af75138c42a3bc72157eaf45b6da592f,855668e0971d4dfd7bef1b6a4133b41b,delivered,2017-09-25,2017-09-25,2017-10-06
966c914d71ae9d1b59d440bcfc72d5cc,80c74074b2a3c419ee813c0b31ef95c7,900ba814c251a692506d7834c1218441,delivered,2018-08-01,2018-08-03,2018-08-06
ee4558aeeba185bcd979ed46022947ff,314ec9cbe156ddd9cdaa1a9bf021e00e,955fee9216a65b617aa5c0531780ce60,delivered,2018-02-27,2018-02-28,2018-03-08
33cf8e9da9865079f64965b83061baae,1004c05877ddf8196ad1341ca602e628,d91fb3b7d041e83b64a00a3edfb37e4f,delivered,2018-03-20,2018-03-21,2018-03-24
5a6a63148f6ab52879bb7c2d7117e366,65c9fdf79fdf0d4b98902fbf9617c171,aba1721a889e04decc910aa13b768ef4,delivered,2017-04-04,2017-04-05,2017-04-11
823e4c9d908f5ec1cad58e1e3e7d716d,7602193faf4a04077a96dbc64e25e571,e333046ce6517bd8bb510291d44f0130,delivered,2018-08-22,2018-08-23,2018-08-31
9771eaad8e60f7b28d57d554cc2bc62c,84872d1894135d15c4e51ba68ba3e8fb,cca3071e3e9bb7d12640c9fbe2301307,delivered,2017-03-13,2017-03-14,2017-03-20
17a3d477ebcd2f70cf12135d4e07fb17,4ad966e1eefc576c04159e46a8e38b20,7a67c85e85bb2ce8582c35f2203ad736,delivered,2018-01-10,2018-01-12,2018-01-20
573aed3067e4c429716880094b71a80b,94cce5d77423fc7926d3af0d01f379ef,4a3ca9315b744ce9f8e9374361493884,delivered,2017-02-22,2017-02-23,2017-03-07
a376666be364f3f82e0ca187cd014a86,936c4a5189882afd96a500e9650c7222,d6b1ce66b035a475f00c017792ff9769,delivered,2018-07-14,2018-07-18,2018-07-24
ace58598846c21f25ac62b735a436731,b99054fd23768e0fc903c0eab8a83442,70c27847eca8195c983ed7e798c56743,delivered,2018-04-09,2018-04-13,2018-04-16
00c47fefb9a49baec12ab3654d7f548e,411373e81bbd24b0356ca1274e9c03fe,91f0eec23d4a61d7d7caeefa3f0ad1ca,delivered,2017-12-06,2017-12-06,2018-01-16
17e604bb550e265b46ebefe61430751b,30e8a49cee668a4435b2f91cc77c9d15,d91fb3b7d041e83b64a00a3edfb37e4g,delivered,2018-08-21,2018-08-22,2018-08-27
053180cf4b0cf3f7a300e2e42ff01da9,ce330ffe33e3f344ad5a80b8410c1ced,1f50f920176fa81dab994f9023523100,delivered,2017-12-11,2017-12-13,2017-12-27
9400f275e481cffa6ae413327d5ae05d,e48f50d453ada5bceb41e239a2dc2065,e333046ce6517bd8bb510291d44f0131,delivered,2017-11-25,2017-11-27,2017-12-19
0ac83eb5438f811c9d825c0a059a0f28,2c7fd840b20f1551c8a151f86349f19a,7e1fb0a3ebfb01ffb3a7dae98bf3238d,delivered,2018-02-19,2018-02-21,2018-03-20
f08cc56e54ab93c2caf71e5a46892314,2e2aceda14bf519194b25f568876ab3d,4d6d651bd7684af3fffabd5f08d12e5a,delivered,2018-04-12,2018-04-17,2018-04-24
dfda6b8e30bc9ac258d2835f931c28f0,6b4a545e81c747a0f12ec50d9f725d63,9b013e03b2ab786505a1d3b5c0756754,delivered,2018-01-08,2018-01-12,2018-01-18
2f9d5a38c98570700418e8e091e56f16,f037c0f3d62d2c77533386a9b4e32883,81ed90f07c0bacb7594940ba2ef676aa,delivered,2017-11-11,2017-11-20,2017-11-27
2e266d1d2bf4cdf6d74ee51b92bab016,b6349bdae88bc7c85c4aeb0cb604dac8,de722cd6dad950a92b7d4f82673f8833,delivered,2018-03-12,2018-03-15,2018-03-21
bafef85881303806cc2d726bda04dfd7,55dbeedb7b2bf8d3059f319abe27202f,70c27847eca8195c983ed7e798c56744,delivered,2018-08-22,2018-08-24,2018-08-27
760312f5735ee281f01e56d5ddee05e3,4b003ee1eabaffe8ff8e6d75394a9b42,a673821011d0cec28146ea42f5ab767f,delivered,2018-06-11,2018-06-12,2018-06-20
3e27135b0c650634ca397ea4c2943e1e,00a39528c677a55852f57235f988b837,218f991754f360af9c2daa5e0b8e990c,delivered,2018-03-23,2018-03-28,2018-04-02
8dca52c1ec5a814dc9ebd26524ae8b3e,e0ac2a4e5a234620bfcaef3796384831,dbc22125167c298ef99da25668e1011f,delivered,2017-11-08,2017-11-10,2017-11-17
db9458d0bbfff27cf6ff5b9342087fd0,05075b9433e8f047f3ba7a5ada189809,9616352088dcf83a7c06637f4ebf1c80,delivered,2017-09-01,2017-09-04,2017-09-11
1237d70df58d4f9a8bd929b9943f9b8a,d6b41b191f1f643ff583898156e049cf,6219ba2359cfb97f2e38fd4c321eb309,delivered,2017-10-09,2017-11-17,2017-12-05
d209d8b7e741f8ce447b0173e579e3a4,d3ab15f0bd2c58865d566ab645572cd5,620c87c171fb2a6dd6e8bb4dec959fc6,delivered,2018-02-01,2018-02-05,2018-02-06
88bf5b4aa46a6a1db2d81f68b8983a42,6b53c8e698ffdea3353ba3339aacfa95,ca3bd7cd9f149df75950150d010fe4a2,delivered,2018-03-06,2018-03-07,2018-04-18
0daf1f0e67b534ad873ba61c5d6ad7d3,1681471e9172d7e12ba08e9ac9e8628b,4a3ca9315b744ce9f8e9374361493885,delivered,2017-09-05,2017-09-09,2017-09-19
d37d89dd6d36e423ff7296dc9482c53e,67a28655b804d6a418964f3dd4e214bc,432c37c9dfba871172ec162e20118b8c,delivered,2018-01-23,2018-01-31,2018-02-20
214d5b272bf8f9b576c175c02ce98f08,ccb8e120e8af0bbf5a1daa2f21984d7b,ea8482cd71df3c1969d7b9473ff13abc,delivered,2018-01-19,2018-01-24,2018-02-02
ac12973b4466733690a5b35ee30d724e,ee639599beb251bdf7ac32b18eafcfaa,eb5b6204dde3a6e03b5f1bb8479f055b,delivered,2018-01-16,2018-01-19,2018-01-30
23c30e04ef6b799d105781208f6bddd5,01509d555b8b6775f5847912d8c52d46,7c1fea10b5b006671d608b1d7c446ec4,delivered,2018-04-25,2018-04-26,2018-05-02
f55549e038254ac7c374f12888ab7b84,32ef00faaec28f844c83dd9856d67177,670c26e0f1bf8d0576271d5cfaec6d2b,delivered,2017-12-12,2017-12-13,2017-12-19
dd621d7d942344da783d1d390dc06f17,031cd5f826be3d804771e3e3a1b21a1c,0d85bbda9889ce1f7e63778d24f346eb,delivered,2017-04-30,2017-05-04,2017-05-23
d6461ecc120609d0cef78fea638e47fe,0e19f44898c5554faac8f95f1473bb4b,0432ead42b6c8a0bdf68154add917fdf,delivered,2017-08-15,2017-08-16,2017-09-26
65c96731ae030b052acda14e142e2a3f,9559221419cf73261de39b024545b1b3,6d803cb79cc31c41c4c789a75933b3c7,delivered,2018-02-26,2018-02-27,2018-04-12
97ed3c46d9b6ed13afaa7d8779322d5b,e06e47b5560e84764eff2349b2b33f31,1f50f920176fa81dab994f9023523101,delivered,2018-05-22,2018-05-25,2018-06-03
4ee5490fc0c66d4c9a1f30055af9b7be,b9885472fa562ddc1cb5333a42b654fc,06579cb253ecd5a3a12a9e6eb6bf8f47,delivered,2017-10-04,2017-10-05,2017-10-09
d139bb03af910e29eab280ed63bec613,ac0e954e97b91701a093a47c675c5700,e9779976487b77c6d4ac45f75ec7afe9,delivered,2018-08-23,2018-08-24,2018-08-30
286799f6e867edeb5b42441294e8ce90,70ea60b3eebc4ffc330e070df05f0e00,259f7b5e6e482c230e5bfaa670b6bb8h,delivered,2018-04-30,2018-05-02,2018-05-10
7e3f4cf36fc0f5c5b678d1df4acccb8d,75e645f4c54045f7a8d2c28dd10eb587,b14db04aa7881970e83ffa9426897925,delivered,2017-05-19,2017-05-25,2017-06-08
df0fc2525c393ef5bcd58db7516a0fcb,6f7e4eda4a91a18114c7ae6458f4068b,382229d1e840115ffe3dbf5ff460e417,delivered,2018-05-06,2018-05-07,2018-05-15
72ac9b27dfe6809898729ee40dd3e353,79adcf02229a33e78f0f5412a2434f53,634964b17796e64304cadf1ad3050fb7,delivered,2018-05-02,2018-05-04,2018-05-11
8d9c47d02bd99ae8d7dd151ededa9281,e3c7e245a96d7fa339fe6c16f8da4e90,bb7a14e229b1c95156719c3d9552eeee,delivered,2017-10-15,2017-10-17,2017-10-23
cd1cc0b0cb5310080ed8f448be24d90d,dd7eb6ecd787c07ef08423cf05c6e56b,fa1c13f2614d7b5c4749cbc52fecda94,delivered,2018-06-17,2018-06-18,2018-06-19
b4e3e891ffa5bf190cd6ebce16e4482d,895f2539c30e6bac09c33029e98cfbbd,955fee9216a65b617aa5c0531780ce61,delivered,2018-01-21,2018-01-24,2018-02-02
9a0ff85473ef691bca39a3636f6753c4,1b4ff42fd8acd3dc49e2a137021b3524,276677b5d08786d5dce7c2149dcce48b,delivered,2018-03-27,2018-03-30,2018-04-11
9d5246455ad1fb521f263b356635f4df,360469aa13eab175485990e06ee97896,2a7dc43cecabf23403078e2188437d1d,delivered,2018-06-03,2018-06-07,2018-06-08
02852b112ad108b3d2b3d4ee198d84a8,c45b7286a9a5cdce0152978d9f615be6,54965bbe3e4f07ae045b90b0b8541f52,delivered,2017-11-25,2018-01-04,2018-01-13
707ce3d3698a90d1ab9d9c2dc47223c2,f4a9f3a779e9783f7c992f5723bbe3d3,955fee9216a65b617aa5c0531780ce62,delivered,2018-05-02,2018-05-03,2018-05-09
905f7a43f18905597465564ae6deb958,cad72c6ad6d5b6d95ce0056e1e7948a8,da8622b14eb17ae2831f4ac5b9dab84b,delivered,2018-08-10,2018-08-15,2018-08-28
ceacfc79fb663f8a32139c94f5850d23,c8b401513911c82f3cb4e40dc26cfc64,c8b0e2b0a7095e5d8219575d5e7e1181,delivered,2018-03-26,2018-03-28,2018-04-10
076594c6ae7f8e1157b7321c148efa86,8c4a94e823813e9e03460f5f42ce4fe8,7c67e1448b00f6e969d365cea6b010ac,delivered,2017-07-01,2017-07-07,2017-07-20
8f69c5872bca5b495397ff0a5d681219,4c9c41a8c1965305e2e1978666bd6d09,ff1fb4c404b2efe68b03350a8dc24123,delivered,2018-04-26,2018-04-27,2018-04-30
3683a64548d4008fcbcd5e9188803b86,2b3d8be4fa506df40afbeba026df7e70,2089a6d640999f9b9141ac719b2af596,delivered,2017-04-25,2017-05-04,2017-05-16
8283cb8792b84009b158a085333ee8b3,09f548315be5f30a9610b83ad933aaf1,094ced053e257ae8cae57205592d6712,delivered,2018-04-20,2018-04-23,2018-05-08
cdac2dd3643b01d8c79cb8bb30998c6a,4308615296cf4ca17defd8b0d59287d8,5b33b527da3c5b969cc99dc435cad09b,delivered,2017-03-20,2017-03-22,2017-04-03
7b7aa18c12be9bec06ecb74c33609bcf,e4f5e592e5ed9f4ee608a09ae76ea443,b1ac6ea7895bc3dd6f0f6f4abbdd2821,delivered,2017-06-22,2017-06-26,2017-07-11
2db89d0e7f0dc38ccf1374a6c51b5b7d,fd2767fd04a34f7fe8b2ebb51f86c535,4b9750c8ad28220fe6702d4ecb7c898g,delivered,2018-06-18,2018-06-20,2018-06-22
bdc19e734eab622dbbd2162a226278de,91ef77a365c213f04954c1527081b016,59b22a78efb79a4797979612b885db36,delivered,2017-08-31,2017-09-01,2017-09-06
afb1e1ccaac288ec1ab9754e2e36cdaf,101a5d44d7659f8b2ec49d385d80a1ed,20d83f3ef0e6925fd74bfd59170babf7,delivered,2017-11-26,2017-11-27,2017-12-04
1e6df4ea0f78bcf1e9e1a3abf97f28e1,462903f7a882d16b16e174dfec5aece4,a61cc04793308395a840807104365121,delivered,2018-05-03,2018-05-04,2018-05-11
a4652eb1954cd0c3121a95ba49122673,5b7ad66e4a9c19ef5ddceae95d05e46e,9d5604a1f112324ad6b2aa552122e0fb,delivered,2018-08-19,2018-08-20,2018-08-30
56dc7f1b8195b7fbdd6479f055a203bb,71e31bd9c37b8a1cacc557b87b3e50cb,9f505651f4a6abe901a56cdc21508028,delivered,2018-03-16,2018-03-19,2018-03-28
40237e91fbaa88e62cdc9397b2e3343a,6b6239435ae315b60fbe14d91fd760ce,709e16e2b25c7474d980076c6bfc4806,delivered,2018-07-18,2018-07-19,2018-07-24
41028f6e5c0766a28665b78590b4b8d7,7795e422f21ee2057de57ef0212b4d7a,abe42c5d03695b4257b5c6cbf4e6784e,delivered,2018-04-02,2018-04-04,2018-04-13
94140a08f88b5440f7fc0e4b0fcfc3bb,145ed96e22cdb678a8b4107d72fddcc8,28f10b1c5e5abb9d4857745bede6147c,delivered,2018-06-22,2018-06-25,2018-06-30
cadebf635daf8de3edf4ca3a162433ec,7ee0952c8c02af4f93762c21ddb66607,e9779976487b77c6d4ac45f75ec7afe8,delivered,2018-05-09,2018-05-10,2018-05-18
4b8f5652792df716a6e936ae0c78a935,a56b03f5e6015f1a502b9810309b98b7,b92e3c8f9738272ff7c59e111e108d7c,delivered,2017-06-26,2017-06-26,2017-07-12
f6a0e9f2ee368264a84d69d92c9a5b3f,3c5a39f999c141a42792a0f2e1c7726d,d2374cbcbb3ca4ab1086534108cc3ab8,delivered,2017-07-09,2017-07-14,2017-07-26
b78e1e59e42553fbbc9948d04ef0539f,d5a5dcf7970697c1d38458beb2cb264f,f8db351d8c4c4c22c6835c19a46f01b1,delivered,2017-08-11,2017-08-14,2017-08-21
055b09c841dc52097e688df51b163310,0b83af8e524bbb2aa83ba090f5be21ff,34f563c82a85b99ae9e6d60db5fc2e28,delivered,2018-04-26,2018-04-27,2018-05-02
28fc0d248a5ef452303f981578647658,b33c387ac5c9922825b25a79b0dc29cf,522620dcb18a6b31cd7bdf73665113a9,delivered,2017-11-07,2017-11-08,2017-11-16
457bb809dc185c4a253943522fa1577c,ee7b0a64a42fd92a3144a38c4f347a9e,4c03b9dd4c11ee2cb35c96c49efc9420,delivered,2017-07-07,2017-07-07,2017-07-24
9399731dd679003e21c7f24ad39ffa32,bb98e27058a8d72162176e336a2b97a2,2059c39f76271d4ca3f15b5ffaccc8b8,delivered,2017-09-07,2017-09-11,2017-09-21
d137a2977daed67ef57f82efbbe508bb,29aec8d00435f9c9bd43485663f7b97a,8d46553a36e68f95350a200c12f8f2e2,delivered,2017-08-19,2017-08-31,2017-09-05
b149acf7e57747cd966a1f1a11e98e05,a187d29dfe942335287dc88897ed265c,c70c1b0d8ca86052f45a432a38b73958,delivered,2018-04-25,2018-04-25,2018-04-26
c58cfe890d48c47bf22b6bfe55b6cddb,47c2b21c22de46f42a427db0ea223499,2138ccb85b11a4ec1e37afbd1c8eda1k,delivered,2018-05-29,2018-06-04,2018-06-21
d94486278633cac5f50e370851d24de6,d0615859a639a94c1fe472eba57d4a7c,31da954dc0855f2495c6310f70a2f931,delivered,2018-03-15,2018-03-16,2018-03-19
7eb4ea83c254066ebd7ccc9cf6e243ec,4fd7abbc9a763b49e2aabd6bef779b59,1900267e848ceeba8fa32d80c1a5f5a8,delivered,2018-06-11,2018-06-11,2018-06-18
afd02669bcda281a6a9a153dbcf60e39,79647ff1cbf238aedace758bd4271aab,9d39404483343dd55c7ae254494d8388,delivered,2017-11-26,2017-11-28,2017-12-07
a467b6e02187433dde3d9827e8561a9b,dc68515c1613ad4cb01edf406dd5c179,1025f0e2d44d7041d6cf58b6550e0bfj,delivered,2017-10-15,2017-10-17,2017-10-19
598796ca1dffa87337f6d02b8d47bae0,37922a02f44c5b80004b14cb9a0becb7,955fee9216a65b617aa5c0531780ce64,delivered,2018-02-27,2018-03-01,2018-03-16
b03db53a37db1313505cb24d4fe05052,7569ea856f1959d0371e70135efb6df7,e9d99831abad74458942f21e16f33f92,delivered,2017-10-16,2017-10-18,2017-10-27
93e0e074b46eb5837fc8056c8e70710f,287e3d0a0a8910d94375eb917fce9743,66e0557ecc2b4dbea057e93f215f68d8,delivered,2017-05-24,2017-06-01,2017-06-05
5494d7febdfd2f93ebdb691782d56f02,b09ff235742f48bfa743f3e9474d36ef,da8622b14eb17ae2831f4ac5b9dab84m,delivered,2018-07-09,2018-07-12,2018-07-13
5aadbda0877e0d99ba07f785cd29c362,d703cdda08125e2b263b92746af0f23c,7c67e1448b00f6e969d365cea6b010an,delivered,2018-06-24,2018-07-04,2018-07-06
73c772511dcde525870ffbe869770da0,d472d9abe6d6bb1ee558dc98a1ea89ea,8d956fec2e4337affcb520f56fd8cbfd,delivered,2018-06-11,2018-06-11,2018-06-13
fb48412e17956a7f4696c7724d60f330,872a25f014b99c4c17341cd9ad0d468f,6288c69c4ce638e59925e59193f98b16,delivered,2017-07-09,2017-07-11,2017-07-17
4244beeae3f68e6527250aa88ea5346c,e22da2634721c7cb676fc0a5da6317f3,dd2bdf855a9172734fbc3744021ae9b9,delivered,2017-09-15,2017-09-20,2017-09-22
dce58e54a9fe4ec8a4489d106e57d2bc,37b40b75293bd84e07bde8ad83066841,05d2173d43ea568aa0540eba70d2ca76,delivered,2018-02-16,2018-02-20,2018-03-04
92822ff2220ab001aba01e753780cfe4,545aa46e4e68df2b3b8dcc06f735e179,2e7ea2aafec5835e781b21d6d1faf1f1,delivered,2018-08-19,2018-08-21,2018-08-29
4015f31ddb21f7ae83d72e00ef0bce97,800282b8afaaf9ed8bb6ed9adcf83e61,da8622b14eb17ae2831f4ac5b9dab84a,delivered,2017-06-20,2017-06-23,2017-07-03
b7d634bd1c1830e08588eada6b49fea7,eeee8af1f7b29dbf34d577db1fc973e5,e0878efa0e0b7e5313ac0b43bc04c081,delivered,2017-12-04,2017-12-05,2017-12-11
dfaa4ce943a8dba10b754befb76fdb49,dcb6e7bc4e65d815025d0aa14349a4ca,edb1ef5e36e0c8cd84eb3c9b003e486d,delivered,2017-11-26,2017-11-27,2017-12-02
3daf8a0b8f1b1016e1bd500821a8d0c7,182087b1558916ad385080c371df4fe9,620c87c171fb2a6dd6e8bb4dec959fc7,delivered,2017-08-30,2017-08-30,2017-09-13
fd1272ba40a94a5fbc6e9548a8486867,2bfd566c10ff41c47dc6e2f9dd51b467,7178f9f4dd81dcef02f62acdf8151e01,delivered,2017-11-01,2017-11-10,2017-11-24
3d217b7bcefc3bc37d3fbf5a1b7fc009,3aec4688b93d6061ec5061721ad493a7,4b9750c8ad28220fe6702d4ecb7c898f,delivered,2018-06-27,2018-06-28,2018-07-12
79c33d92e11819540d65b8ade04cdcba,e13b1d1fab9d212d258c2e6d0f69f6c1,bf3c6d2a28b2b5501e6c15448982dcc9,delivered,2017-05-29,2017-05-30,2017-06-05
d2adc517116e216add8b6f5b45c3b84e,c0fe0fbc24994167dce810f83cb96890,a2e874074c877c5a05abae80ad6e488f,delivered,2017-06-24,2017-07-11,2017-07-19
d178d8bdd78765955d2260fc1d639052,5b5f4957a69d537a2aeadfa7dd2d09d9,fa1a9dec3a9940c072684a46728bf1fc,delivered,2017-06-23,2017-06-27,2017-07-06
a9d21182da34ce17091420d35f22834a,0c5eb0e9e15cf4e836c7188ece714fcc,244c2f1bff6afe1f2eaf9bfe9b2aed38,delivered,2017-08-23,2017-08-25,2017-09-06
6b790716c732ae58171749841011d3bf,5ad00fc41f0c73546227681216f7df04,c33847515fa6305ce6feb1e818569f13,delivered,2018-06-27,2018-06-28,2018-07-05
4cd45eb856471e6d7d1f85e585b81041,279a316b31aac761c16483859fa9d33b,8648b1e89e9b349e32d3741b30ec737d,delivered,2018-06-28,2018-06-28,2018-06-29
0d12f20556892f2a5aca4f39fb613a07,60bb8e0e1f7e340af936ec2882d8ae8d,2138ccb85b11a4ec1e37afbd1c8eda1f,delivered,2017-03-06,2017-03-08,2017-03-14
e8549294b90188285cf1f7d6a35f758c,1914576a74b2122c63a456293cf7e52c,f3da5b2ff499efb8d4a6d371d175d7dd,delivered,2018-07-05,2018-07-11,2018-07-14
dbae123b07ca4baf09ee93c5b52c8932,3db09129454f368874d3f18bb83c7d64,00ee68308b45bc5e2660cd833c3f81cv,delivered,2018-01-27,2018-01-29,2018-02-08
ca956d502f34466301d1268a2df5b0a3,be6ad148cd108f6148d20a8ec756fa1c,d2374cbcbb3ca4ab1086534108cc3ab7,delivered,2018-08-03,2018-08-08,2018-08-13
557e7ed9b11b0dd74545009ef0c7a74c,fa85d6a9093fe47d96171fe07423e12d,ff1fb4c404b2efe68b03350a8dc24122,delivered,2018-08-05,2018-08-16,2018-08-24
21bf30b67562ae46581be368cdd971a6,8094bd1ea8a8453c1855f06552200117,de722cd6dad950a92b7d4f82673f8834,delivered,2018-06-21,2018-06-25,2018-07-03
d1a22a39de10a881fa47a509a1a9073b,8a3083e3f5500b50d6f4f3003604df87,6560211a19b47992c3666cc44a7e94c0,delivered,2017-11-24,2017-11-27,2017-12-06
65b93b14fb25e2776692abdbd64a44f7,c7e9d64ef2d3e98ad1b5068dbc859934,282f23a9769b2690c5dda22e316f9941,delivered,2017-11-24,2017-11-29,2017-12-08
38f84a21226e448e6ca37b3c45144994,e91d6e2c6d965a4d07ff782ce5bde6db,2e1a7d075abe038c1b2743005fe42ff1,delivered,2018-02-09,2018-02-14,2018-02-16
9147c16fab80dbd17a45d97f65196491,2bb8c7fefc71b1cd9133f15dcf9941ef,4a3ca9315b744ce9f8e9374361493886,delivered,2018-03-06,2018-03-09,2018-03-20
f5c5f55feb6cefec984e26efbe2a130b,e79ba74d49aad29056945edd15f596ae,53243585a1d6dc2643021fd1853d8905,delivered,2018-08-07,2018-08-13,2018-08-20
8e1787326878b8d540cc14a0546c3eb6,278003098109cfa2d2625f4772cb2a57,f8db351d8c4c4c22c6835c19a46f01b0,delivered,2018-05-24,2018-05-25,2018-06-03
c513e47b1ec7f0c630776aff9e942ec9,8bbcf9a0717a1cb212b45522ef61972c,4869f7a5dfa277a7dca6462dcf3b52b2,delivered,2018-02-05,2018-02-06,2018-02-24
11e930fd8da276f30361256c23d58196,e4d86d1da4dc444b482115d7aeb1cc3f,1e26c56af8d48424e1df0140a2401f83,delivered,2018-08-08,2018-08-09,2018-08-17
0b3b6b78bd15a0e28176f25fab4eb472,2b6d4b2b966c8aa7413190f4b5dee130,06bb3a2fe5e7b7a845b13e8fb91bd944,delivered,2017-10-19,2017-10-20,2017-10-27
7659849a6efa9d49c5ac7bf7fdbddb2c,22688fbe08d1209daeabcd6c40590d1e,f262cbc1c910c83959f849465454ddd3,delivered,2018-06-17,2018-06-18,2018-06-19
863ed82a296435f3a4d1a4b878450a5e,038d3dd1371d364b6ae8ece9febc397b,6edacfd9f9074789dad6d62ba7950b9c,delivered,2017-05-03,2017-05-04,2017-05-08
3d8e9d3181857e64419e3f61f40f9645,ada5afd2b1b1258fd60f507e92a63472,6560211a19b47992c3666cc44a7e94c3,delivered,2017-07-21,2017-07-26,2017-08-01
2e7b2330e3d679e08be10dc1ad695e94,5eef8c5a24bd948fac341c6ebe3ce41e,00ee68308b45bc5e2660cd833c3f81cc,delivered,2018-02-03,2018-02-06,2018-02-07
d7cea52c3309c7b3d279a9f3d2e74114,fb04e5eb553d32e040a1a83cf436a65c,86ccac0b835037332a596a33b6949ee1,delivered,2017-08-18,2017-08-18,2017-08-25
abcb42831f6165cda2570c76e90cda5d,ee23d61fedfc4227bb0e188654c28d08,ececbfcff9804a2d6b40f589df8eef2b,delivered,2018-08-01,2018-08-06,2018-08-09
bc02ddc545587c6eab5bb1a8c6c45f1b,c85bcc5a4c098769d6bbab6b77f61cb8,9f505651f4a6abe901a56cdc21508025,delivered,2018-01-22,2018-01-23,2018-02-09
34801c59d6ec5c5e89bfefb6ebef314d,0e114b02a45c9876080f3a9a19f51c16,3771c85bac139d2344864ede5d9341e3,delivered,2017-12-12,2017-12-15,2017-12-27
b3dca2e199b13ddabab4ed77d79ee9f6,f127cfb44a80615cabe7a815ba206286,1025f0e2d44d7041d6cf58b6550e0bfa,delivered,2018-05-16,2018-05-17,2018-06-02
4ef8f514f95bb0a41f58965ea04e7027,5d1ff54c05c7c5044718b88a49c704b8,1336efc61c316ddf92c899eb817f7cae,delivered,2017-05-16,2017-05-17,2017-05-26
880a2443009447fa88b518da4806fc93,e4f06fec45100ba91af9bc48190aacf0,8b2492b7ff4468839593fafeed55bad9,delivered,2017-12-28,2018-01-03,2018-03-11
ec5b066bf2e617a5ab61082e77b3101d,efd1a20eb65041a60f9c8c74cb5fc7ba,b2ba3715d723d245138f291a6fe42594,delivered,2018-03-12,2018-03-20,2018-04-05
c22992301ff1bc03cbdbaf5770b1938f,bb4d5187b89ea6b78cde7926727a3cd0,0adac9fbd9a2b63cccaac4f8756c1ca8,delivered,2017-11-09,2017-11-16,2017-11-23
9bf784212164c8cc81d3eb16daaa5950,4acfe2f36c9f7b470ef68d71dc5b6ebc,8648b1e89e9b349e32d3741b30ec737e,delivered,2018-05-24,2018-05-24,2018-06-06
14e29f83cf6fcd5fcca40380a248eea1,d1d326edcb5fc3e9aadd6e86b7a57910,259f7b5e6e482c230e5bfaa670b6bb8f,delivered,2018-02-13,2018-02-16,2018-02-18
dbf8b161073da5d187b1b739a7dc9b86,6a6d5c560d1072a67be9ee533125d9ed,955fee9216a65b617aa5c0531780ce65,delivered,2018-04-02,2018-04-04,2018-04-05
3f695ee2567af0b169e482d825ec8e31,03f7c28100418ce57927a01d62a6cdf3,7c67e1448b00f6e969d365cea6b010ab,delivered,2017-11-28,2017-12-08,2018-01-04
3bddb2b41050ba947411a0fc9143fcbd,7e6e52c237a37ca567ec907c3dc6a93f,c510bc1718f0f2961eaa42a23330681a,delivered,2018-07-06,2018-07-10,2018-07-13
0b4e790fdbd7616b010599cc3e5f873f,e1fb3bd29f0cc22b821938d2853e4cd5,431af27f296bc6519d890aa5a05fdb11,delivered,2018-01-19,2018-01-23,2018-02-01
8213bc96304fc0881189c4525f3002f7,77069f163bef4933c6efeea244b3f606,1554a68530182680ad5c8b042c3ab563,delivered,2016-10-10,2016-10-14,2016-10-17
05e168bd339a82dc2739b847d4ca99f8,b069a3c6dd74a018f34884bbcd0cf0e2,01fdefa7697d26ad920e9e0346d4bd1b,delivered,2017-09-17,2017-09-19,2017-09-26
c821401a2442b0b99428fb297c4b127c,1ecf434b5a01864957c940be8862e457,c003204e1ab016dfa150abc119207b24,delivered,2017-12-17,2017-12-19,2017-12-27
99bd1b701f5689d68265a47f0b793d20,178706e9cab0f7d13bb90fbf946269c5,e26901d5ab434ce92fd9b5c256820a4e,delivered,2017-08-05,2017-08-09,2017-08-10
4940ddf2b7091647a772152ed1de4a2b,c24638e1ff5efad8e21f689d7a1f0c6d,5b33b527da3c5b969cc99dc435cad09a,delivered,2018-08-11,2018-08-13,2018-08-21
14001e8cd1c29d0bce5b5bfca73338af,620c2e659b5d119813362bfe4bbe8634,620c87c171fb2a6dd6e8bb4dec959fc8,delivered,2018-01-31,2018-01-31,2018-02-05
7fe8e22ba2618c5ddc0ddd48c6d4760c,77992c23eb50255f67fbebe40710ce50,b4ffb71f0cb1b1c3d63fad021ecf93e1,delivered,2018-08-11,2018-08-13,2018-08-17
8e806cca085990fdc8483aeb130d1330,ecb1725b26e8b8c458181455dfa434ea,cc419e0650a3c5ba77189a1882b7556a,delivered,2017-11-24,2017-11-27,2017-12-16
4325abb4e925f2765e6874e9788392f4,cbafb574da2d33b039f294c188624b6c,863d2ebcd347ce4922de7a0f9a5581d6,delivered,2018-03-02,2018-03-08,2018-04-12
c644b3f8e84a3426f0a99bbfb04a3e73,f6fb4ed5f9a3a545a5203054679bf2c6,fe2032dab1a61af8794248c8196565c9,delivered,2017-05-18,2017-05-19,2017-05-23
d279d0537eba57893e86d387ea58d4a4,94dabe07fc50ed29f94b6ba397201dba,7d13fca15225358621be4086e1eb0964,delivered,2018-05-08,2018-05-09,2018-05-16
